{
    "schemaVersion": "3",
    "title": "Dazzle Dash",
    "description": "A cute fast-paced platformer for speedrunning!",
    "author": "Peter Brown",
    "version": "1.1",
    "date": "2024-05-02",
    "url": "https://community.arduboy.com/t/dazzle-dash-cute-speedrunning-platformer/11772",
    "sourceUrl": "https://github.com/tiberiusbrown/abc/tree/master/examples/platformer",
    "screenshots": [
        {
            "filename": "screenshot.png"
        }
    ],
    "binaries": [
        {
            "title": "Dazzle Dash (ArduboyFX)",
            "filename": "interp_ArduboyFX.hex",
            "flashdata": "game.bin",
            "flashsave": "save.bin",
            "device": "ArduboyFX"
        },
        {
            "title": "Dazzle Dash (ArduboyMini)",
            "filename": "interp_ArduboyMini.hex",
            "flashdata": "game.bin",
            "flashsave": "save.bin",
            "device": "ArduboyMini"
        },
        {
            "title": "Dazzle Dash (homemade.leonardo.sh1106.sda)",
            "filename": "interp_homemade.leonardo.sh1106.sda.hex",
            "flashdata": "game.bin",
            "flashsave": "save.bin",
            "device": "homemade.leonardo.sh1106.sda"
        },
        {
            "title": "Dazzle Dash (homemade.promicro_alt.sh1106.rx)",
            "filename": "interp_homemade.promicro_alt.sh1106.rx.hex",
            "flashdata": "game.bin",
            "flashsave": "save.bin",
            "device": "homemade.promicro_alt.sh1106.rx"
        },
        {
            "title": "Dazzle Dash (homemade.promicro_alt.ssd1306.rx)",
            "filename": "interp_homemade.promicro_alt.ssd1306.rx.hex",
            "flashdata": "game.bin",
            "flashsave": "save.bin",
            "device": "homemade.promicro_alt.ssd1306.rx"
        }
    ]
}